{
  "cv_results": {
    "LogisticRegression": {
      "roc_auc_mean": 0.8304633123689728,
      "roc_auc_std": 0.022226638978468882
    },
    "RandomForest": {
      "roc_auc_mean": 0.8264891684136968,
      "roc_auc_std": 0.02118015493826906
    },
    "SVM-RBF": {
      "roc_auc_mean": 0.8165108315863032,
      "roc_auc_std": 0.017916548980455554
    }
  },
  "best_model": "LogisticRegression",
  "holdout_accuracy": 0.7142857142857143,
  "holdout_roc_auc": 0.8229629629629629,
  "classification_report": {
    "0": {
      "precision": 0.7592592592592593,
      "recall": 0.82,
      "f1-score": 0.7884615384615384,
      "support": 100
    },
    "1": {
      "precision": 0.6086956521739131,
      "recall": 0.5185185185185185,
      "f1-score": 0.5599999999999999,
      "support": 54
    },
    "accuracy": 0.7142857142857143,
    "macro avg": {
      "precision": 0.6839774557165862,
      "recall": 0.6692592592592592,
      "f1-score": 0.6742307692307692,
      "support": 154
    },
    "weighted avg": {
      "precision": 0.7064642282033586,
      "recall": 0.7142857142857143,
      "f1-score": 0.7083516483516483,
      "support": 154
    }
  },
  "features": [
    "Pregnancies",
    "Glucose",
    "BloodPressure",
    "SkinThickness",
    "Insulin",
    "BMI",
    "DiabetesPedigreeFunction",
    "Age"
  ]
}